南京林业大学2014-2015第二学期教学进程表,,,,,,,,,,,,,,,,,,,,,,,
月份,,,,,3月,,,,4月,,,,5月,,,,,6月,,,,7月,
,"3-2

3-08","03-09

3-15","03-16

3-22","03-23

3-29","03-30

4-05","04-06

4-12","04-13

4-19","04-20

4-26","04-27

5-03","05-04

5-10","05-11

5-17","05-18

5-24","05-25

5-31","06-01

6-07","06-08

6-14","06-15

6-21","06-22

6-28","06-29

7-05","07-06

7-12",,,,
           周次,,,,,,,,,,,,,,,,,,,,,,,
    班级,一,二,三,四,五,六,七,八,九,十,十一,十二,十三,十四,十五,十六,十七,十八,十九,,,,
1101011,＊,＊,＊,＊,＊,＊,＊,＊,＊,＊,＊,＊,＊,＊,＊,＊,,,,,,,
1101012,＊,＊,＊,＊,＊,＊,＊,＊,＊,＊,＊,＊,＊,＊,＊,＊,,,,,,,
1101013,＊,＊,＊,＊,＊,＊,＊,＊,＊,＊,＊,＊,＊,＊,＊,＊,,,,,,,
1101010,＊,＊,＊,＊,＊,＊,＊,＊,＊,＊,＊,＊,＊,＊,＊,＊,,,,,,,
1101014,＊,＊,＊,＊,＊,＊,＊,＊,＊,＊,＊,＊,＊,＊,＊,＊,,,,,,,
1101081,＊,＊,＊,＊,＊,＊,＊,＊,＊,＊,＊,＊,＊,＊,＊,＊,,,,,,,
1101031,＊,＊,＊,＊,＊,＊,＊,＊,＊,＊,＊,＊,＊,＊,＊,＊,,,,,,,
1101021,＊,＊,＊,＊,＊,＊,＊,＊,＊,＊,＊,＊,＊,＊,＊,＊,,,,,,,
1201013,,,,,○,,,,,,○,,,,,○,,∶,∶,,,,
1201012,,,,,○,,,,,,○,,,,,○,,∶,∶,,,,
1201014,,,,,,,,,,,,,,,○,○,,∶,∶,,,,
1201015,,,,,○,,,,,,,,○,,○,,,∶,∶,,,,
1201016,,,,,○,,,,,,,,,,○,,,∶,∶,,,,
1201081,,,,,,,,,,○,○,○,○,,,,,∶,∶,,,,
1201031,,,,,,,,,,,,○,○,,,,,∶,∶,,,,
1201021,,,,,,,,,○,,,,○,‖,‖,‖,‖,∶,∶,,,,
1201011,,,,,,,,,,,○,○,○,○,○,○,○,∶,∶,,,,
1301012,,,,,,,,,,○,○,,,,,,,∶,∶,,,,
1301013,,,,,,,,,,○,○,,,,,,,∶,∶,,,,
1301015,,,,,,,,,,○,○,,,,,,,∶,∶,,,,
1301016,,,,,,,,,,,,,,,,,,∶,∶,,,,
1301081,,,,,,,,,,,,,,,,,,∶,∶,,,,
1301031,,,,,,,,,,○,,,,,○,○,,∶,∶,,,,
1301011,,,,,,,,,,○,○,,,,,○,○,∶,∶,,,,
1301071,,,,,,,,,,,,○,○,,,,,∶,∶,,,,
1301021,,,,,,,,,,,,○,○,,,,,∶,∶,,,,
1401012,,,,,,,,,,,,○,,,,,○,∶,∶,,,,
1401013,,,,,,,,,,,,○,,,,,○,∶,∶,,,,
1401014,,,,,,,,,,,,○,,,,,○,∶,∶,,,,
1401015,,,,,,,,,,,,○,,,,,○,∶,∶,,,,
1401081,,,,,,,,,,,,,,,,○,,∶,∶,,,,
1401031,,,,,,,,,,,,,,,○,,,∶,∶,,,,
1401011,,,,,,,,,,,○,○,,,,○,,∶,∶,,,,
1401071,,,,,,,,,,,,,,,○,,,∶,∶,,,,
1401021,,,,,,,,,,○,,,,,,,,∶,∶,,,,
1102030,＊,＊,＊,＊,＊,＊,＊,＊,＊,＊,＊,＊,＊,＊,＊,＊,,,,,,,
1102034,＊,＊,＊,＊,＊,＊,＊,＊,＊,＊,＊,＊,＊,＊,＊,＊,,,,,,,
1102031,＊,＊,＊,＊,＊,＊,＊,＊,＊,＊,＊,＊,＊,＊,＊,＊,,,,,,,
1102032,＊,＊,＊,＊,＊,＊,＊,＊,＊,＊,＊,＊,＊,＊,＊,＊,,,,,,,
1102033,＊,＊,＊,＊,＊,＊,＊,＊,＊,＊,＊,＊,＊,＊,＊,＊,,,,,,,
1102011,＊,＊,＊,＊,＊,＊,＊,＊,＊,＊,＊,＊,＊,＊,＊,＊,,,,,,,
1102012,＊,＊,＊,＊,＊,＊,＊,＊,＊,＊,＊,＊,＊,＊,＊,＊,,,,,,,
1102041,＊,＊,＊,＊,＊,＊,＊,＊,＊,＊,＊,＊,＊,＊,＊,＊,,,,,,,
1102042,＊,＊,＊,＊,＊,＊,＊,＊,＊,＊,＊,＊,＊,＊,＊,＊,,,,,,,
1102071,＊,＊,＊,＊,＊,＊,＊,＊,＊,＊,＊,＊,＊,＊,＊,＊,,,,,,,
1102043,＊,＊,＊,＊,＊,＊,＊,＊,＊,＊,＊,＊,＊,＊,＊,＊,,,,,,,
1202030,,,,,,,,,,,,,,,∶,∶,‖,‖,‖,,,,
1202031,,,,,,,,,,,,,,,∶,∶,‖,‖,‖,,,,
1202032,,,,,,,,,,,,,,,∶,∶,‖,‖,‖,,,,
1202033,,,,,,,,,,,,,,,∶,∶,‖,‖,‖,,,,
1202011,,,,,,,,,,,,,,,∶,∶,‖,‖,‖,,,,
1202012,,,,,,,,,,,,,,,∶,∶,‖,‖,‖,,,,
1202041,,,,,,,,,,,,,,,∶,∶,‖,‖,‖,,,,
1202042,,,,,,,,,,,,,,,∶,∶,‖,‖,‖,,,,
1202043,,,,,,,,,,,,,,,∶,∶,‖,‖,‖,,,,
1202071,,,,,,,,,,,,,,,,∶,∶,‖,‖,,,,
1302030,,,,,,,,,,,,,,,,,,∶,∶,,,,
1302031,,,,,,,,,,,,,,,,,,∶,∶,,,,
1302032,,,,,,,,,,,,,,,,,,∶,∶,,,,
1302033,,,,,,,,,,,,,,,,,,∶,∶,,,,
1302011,,,,,,,,,,,,,,,,,,∶,∶,,,,
1302012,,,,,,,,,,,,,,,,,,∶,∶,,,,
1302041,,,,,,,,,,,,,,,,,,∶,∶,,,,
1302042,,,,,,,,,,,,,,,,,,∶,∶,,,,
1302000,,,,,,,,,,,,,,,,,,∶,∶,,,,
1302071,,,,,,,,,,,,,,,,,,∶,∶,,,,
1302061,,,,,,,,,,,,,,,,,,∶,∶,,,,
1402030,,,,,,,,,,,,,,,,,,∶,∶,,,,
1402031,,,,,,,,,,,,,,,,,,∶,∶,,,,
1402032,,,,,,,,,,,,,,,,,,∶,∶,,,,
1402033,,,,,,,,,,,,,,,,,,∶,∶,,,,
1402011,,,,,,,,,,,,,,,,,,∶,∶,,,,
1402012,,,,,,,,,,,,,,,,,,∶,∶,,,,
1402041,,,,,,,,,,,,,,,,,,∶,∶,,,,
1402042,,,,,,,,,,,,,,,,,,∶,∶,,,,
1402000,,,,,,,,,,,,,,,,,,∶,∶,,,,
1402061,,,,,,,,,,,,,,,,,,∶,∶,,,,
1103041,＊,＊,＊,＊,＊,＊,＊,＊,＊,＊,＊,＊,＊,＊,＊,＊,,,,,,,
1103042,＊,＊,＊,＊,＊,＊,＊,＊,＊,＊,＊,＊,＊,＊,＊,＊,,,,,,,
1103010,＊,＊,＊,＊,＊,＊,＊,＊,＊,＊,＊,＊,＊,＊,＊,＊,,,,,,,
1103011,＊,＊,＊,＊,＊,＊,＊,＊,＊,＊,＊,＊,＊,＊,＊,＊,,,,,,,
1103012,＊,＊,＊,＊,＊,＊,＊,＊,＊,＊,＊,＊,＊,＊,＊,＊,,,,,,,
1103013,＊,＊,＊,＊,＊,＊,＊,＊,＊,＊,＊,＊,＊,＊,＊,＊,,,,,,,
1103051,＊,＊,＊,＊,＊,＊,＊,＊,＊,＊,＊,＊,＊,＊,＊,＊,,,,,,,
1103052,＊,＊,＊,＊,＊,＊,＊,＊,＊,＊,＊,＊,＊,＊,＊,＊,,,,,,,
1103072,＊,＊,＊,＊,＊,＊,＊,＊,＊,＊,＊,＊,＊,＊,＊,＊,,,,,,,
1103071,＊,＊,＊,＊,＊,＊,＊,＊,＊,＊,＊,＊,＊,＊,＊,＊,,,,,,,
1103014,＊,＊,＊,＊,＊,＊,＊,＊,＊,＊,＊,＊,＊,＊,＊,＊,,,,,,,
1103015,＊,＊,＊,＊,＊,＊,＊,＊,＊,＊,＊,＊,＊,＊,＊,＊,,,,,,,
1203041,,,,,,,,,,,,,,∶,∶,○,○,‖,‖,,,,
1203042,,,,,,,,,,,,,,∶,∶,○,○,‖,‖,,,,
1203010,,,,,,,,,,,,,,∶,∶,○,‖,‖,‖,,,,
1203011,,,,,,,,,,,,,,∶,∶,○,‖,‖,‖,,,,
1203013,,,,,,,,,,,,,∶,∶,‖,‖,‖,‖,‖,,,,
1203012,,,,,,,,,,,,,∶,∶,‖,‖,‖,‖,‖,,,,
1203051,,,,,,,,,,,,,∶,∶,‖,‖,‖,‖,‖,,,,
1203052,,,,,,,,,,,,,∶,∶,‖,‖,‖,‖,‖,,,,
1203071,,,,,,,,,,,,,,,,∶,∶,‖,‖,,,,
1203072,,,,,,,,,,,,,,,,∶,∶,‖,‖,,,,
1203021,,,,,,,,,,,,,∶,∶,‖,‖,‖,‖,‖,,,,
1203022,,,,,,,,,,,,,∶,∶,‖,‖,‖,‖,‖,,,,
1303041,,,,,,,,,,,,,,,,○,,∶,∶,,,,
1303042,,,,,,,,,,,,,,,,○,,∶,∶,,,,
1303010,,,,,,,,,,,,,,,,○,,∶,∶,,,,
1303011,,,,,,,,,,,,,,,,○,,∶,∶,,,,
1303012,,,,,,,,,,,,,,,,○,,∶,∶,,,,
1303013,,,,,,,,,,,,,,,,○,,∶,∶,,,,
1303051,,,,,,,,,,,,,,,,○,○,∶,∶,,,,
1303052,,,,,,,,,,,,,,,,○,○,∶,∶,,,,
1303071,,,,,,,,,,,,,,,,‖,‖,∶,∶,,,,
1303072,,,,,,,,,,,,,,,,‖,‖,∶,∶,,,,
1303021,,,,,,,,,,,,,,,,○,,∶,∶,,,,
1303022,,,,,,,,,,,,,,,,○,,∶,∶,,,,
1303023,,,,,,,,,,,,,,,,○,,∶,∶,,,,
1403041,,,,,,,,,,,,,金,,,,,∶,∶,,,,
1403042,,,,,,,,,,,,,金,,,,,∶,∶,,,,
1403010,,,,,,,,,,金,金,金,金,,,,,∶,∶,,,,
1403011,,,,,,,,,,金,金,金,金,,,,,∶,∶,,,,
1403012,,,,,,,,,,金,金,金,金,,,,,∶,∶,,,,
1403013,,,,,,,,,,金,金,金,金,,,,,∶,∶,,,,
1403014,,,,,,,,,,金,金,金,金,,,,,∶,∶,,,,
1403051,,,,,,,,,,金,金,金,,,,,,∶,∶,,,,
1403052,,,,,,,,,,金,金,金,,,,,,∶,∶,,,,
1403071,,,,,,,,,,,,,金,,,,,∶,∶,,,,
1403072,,,,,,,,,,,,,金,,,,,∶,∶,,,,
1403021,,,,,,,,,,金,金,,,,,,,∶,∶,,,,
1403022,,,,,,,,,,金,金,,,,,,,∶,∶,,,,
1403000,,,,,,,,,,金,金,,,,,,,∶,∶,,,,
1204011,,,,,,,,,,,,∶,∶,‖,‖,‖,○,○,○,○,,,
1204012,,,,,,,,,,,,∶,∶,‖,‖,‖,○,○,○,○,,,
1204013,,,,,,,,,,,,∶,∶,‖,‖,‖,○,○,○,○,,,
1204014,,,,,,,,,,,,∶,∶,‖,‖,‖,○,○,○,○,,,
1204021,,,,,,,,,,,,,,∶,∶,‖,○,○,○,,,,
1204022,,,,,,,,,,,,,,∶,∶,‖,○,○,○,,,,
1204031,,,,,,,,,,,,,,,,∶,∶,○,○,技,○,○,○
1204032,,,,,,,,,,,,,,,,∶,∶,○,○,技,○,○,○
1204071,,,,,,,,,,,,,,∶,∶,‖,‖,○,○,技,技,技,
1204072,,,,,,,,,,,,,,∶,∶,‖,‖,○,○,技,技,技,
1204091,,,,,,,,,,,,,∶,∶,‖,#,○,○,○,○,○,○,
1204092,,,,,,,,,,,,,∶,∶,‖,#,○,○,○,○,○,○,
1204041,,,,,,,,,,,,,,∶,∶,‖,‖,○,○,,,,
1304017,,,,,,,,,,,,,,,,,,∶,∶,,,,
1304071,,,,,,,,,,,,,,,,,,∶,∶,,,,
1304072,,,,,,,,,,,,,,,,,,∶,∶,,,,
1304000,,,,,金,,,,,,,,,,,,,∶,∶,,,,
1304031,,,,,金,,,,,,,,,,,,,∶,∶,,,,
1304032,,,,,金,,,,,,,,,,,,,∶,∶,,,,
1304011,,,,,金,,,,,,,,,,,,,∶,∶,,,,
1304012,,,,,金,,,,,,,,,,,,,∶,∶,,,,
1304013,,,,,金,,,,,,,,,,,,,∶,∶,,,,
1304014,,,,,,,,,,,,,,,,,,∶,∶,,,,
1304015,,,,,,,,,,,,,,,,,,∶,∶,,,,
1404011,,,,,,,,,,,,,,,,,,∶,∶,,,,
1404012,,,,,,,,,,,,,,,,,,∶,∶,,,,
1404071,,,,,,,,,,,,,,,,,,∶,∶,,,,
1404072,,,,,,,,,,,,,,,,,,∶,∶,,,,
1404000,,,,,,,,,,,,,,,,,,∶,∶,,,,
1404031,,,,,金,,,,,,,,,,,,,∶,∶,,,,
1404032,,,,,金,,,,,,,,,,,,,∶,∶,,,,
1404091,,,,,,,,,,,,,,,,,,∶,∶,,,,
1404092,,,,,,,,,,,,,,,,,,∶,∶,,,,
1404021,,,,,,,,,,,,,,,,,,∶,∶,,,,
1105081,＊,＊,＊,＊,＊,＊,＊,＊,＊,＊,＊,＊,＊,＊,＊,＊,,,,,,,
1105031,＊,＊,＊,＊,＊,＊,＊,＊,＊,＊,＊,＊,＊,＊,＊,＊,,,,,,,
1105032,＊,＊,＊,＊,＊,＊,＊,＊,＊,＊,＊,＊,＊,＊,＊,＊,,,,,,,
1105021,＊,＊,＊,＊,＊,＊,＊,＊,＊,＊,＊,＊,＊,＊,＊,＊,,,,,,,
1105022,＊,＊,＊,＊,＊,＊,＊,＊,＊,＊,＊,＊,＊,＊,＊,＊,,,,,,,
1105023,＊,＊,＊,＊,＊,＊,＊,＊,＊,＊,＊,＊,＊,＊,＊,＊,,,,,,,
1105011,＊,＊,＊,＊,＊,＊,＊,＊,＊,＊,＊,＊,＊,＊,＊,＊,,,,,,,
1105041,＊,＊,＊,＊,＊,＊,＊,＊,＊,＊,＊,＊,＊,＊,＊,＊,,,,,,,
1105042,＊,＊,＊,＊,＊,＊,＊,＊,＊,＊,＊,＊,＊,＊,＊,＊,,,,,,,
1105071,＊,＊,＊,＊,＊,＊,＊,＊,＊,＊,＊,＊,＊,＊,＊,＊,,,,,,,
1105051,＊,＊,＊,＊,＊,＊,＊,＊,＊,＊,＊,＊,＊,＊,＊,＊,,,,,,,
1105052,＊,＊,＊,＊,＊,＊,＊,＊,＊,＊,＊,＊,＊,＊,＊,＊,,,,,,,
1105061,＊,＊,＊,＊,＊,＊,＊,＊,＊,＊,＊,＊,＊,＊,＊,＊,,,,,,,
1105062,＊,＊,＊,＊,＊,＊,＊,＊,＊,＊,＊,＊,＊,＊,＊,＊,,,,,,,
1205081,#,,,,,,,,,,,,,,,,‖,∶,∶,,,,
1205031,,,,,,,,,,,,,,,‖,‖,‖,∶,∶,,,,
1205032,,,,,,,,,,,,,,,‖,‖,‖,∶,∶,,,,
1205021,,,,,,,,,,,,,,,,‖,‖,∶,∶,,,,
1205022,,,,,,,,,,,,,,,,‖,‖,∶,∶,,,,
1205023,,,,,,,,,,,,,,,,‖,‖,∶,∶,,,,
1205011,,,,,,,,,,,,,,,,,‖,∶,∶,,,,
1205012,,,,,,,,,,,,,,,,,‖,∶,∶,,,,
1205041,,,,,,,,,,,,,,,‖,‖,‖,∶,∶,,,,
1205042,,,,,,,,,,,,,,,‖,‖,‖,∶,∶,,,,
1205071,,,,,,,,,,,,,,‖,‖,‖,‖,∶,∶,,,,
1205051,,,,,,,,,,,,,,,,‖,‖,∶,∶,,,,
1205052,,,,,,,,,,,,,,,,‖,‖,∶,∶,,,,
1205061,,,,,,,,,,,,,,,,‖,‖,∶,∶,,,,
1205062,,,,,,,,,,,,,,,,‖,‖,∶,∶,,,,
1305081,,,,,,,,,,,,,,,,,‖,∶,∶,,,,
1305031,,,,,,,,,,,,,,,‖,‖,‖,∶,∶,,,,
1305032,,,,,,,,,,,,,,,‖,‖,‖,∶,∶,,,,
1305022,,,,,,,,,,,,,,,‖,‖,‖,∶,∶,,,,
1305023,,,,,,,,,,,,,,,‖,‖,‖,∶,∶,,,,
1305011,,,,,,,,,,,,,,‖,‖,‖,‖,∶,∶,,,,
1305012,,,,,,,,,,,,,,‖,‖,‖,‖,∶,∶,,,,
1305041,,,,,,,,,,,,,,‖,‖,‖,‖,∶,∶,,,,
1305042,,,,,,,,,,,,,,‖,‖,‖,‖,∶,∶,,,,
1305071,,,,,,,,,,,,,,,,‖,‖,∶,∶,,,,
1305051,,,,,,,,,,,,,,,,‖,‖,∶,∶,,,,
1305061,,,,,,,,,,,,,,,,‖,‖,∶,∶,,,,
1305062,,,,,,,,,,,,,,,,‖,‖,∶,∶,,,,
1305091,,,,,,,,,,,,,,,,‖,‖,∶,∶,,,,
1305092,,,,,,,,,,,,,,,,‖,‖,∶,∶,,,,
1305021,,,,,,,,,,,,,,,‖,‖,‖,∶,∶,,,,
1405081,,,,,,,,,,,,,,,,‖,‖,∶,∶,,,,
1405031,,,,,,,,,,,,,,,,,,∶,∶,,,,
1405032,,,,,,,,,,,,,,,,,,∶,∶,,,,
1405021,,,,,,,,,,,,,,,,,‖,∶,∶,,,,
1405022,,,,,,,,,,,,,,,,,‖,∶,∶,,,,
1405011,,,,,,,,,,,,,,,,,‖,∶,∶,,,,
1405012,,,,,,,,,,,,,,,,,‖,∶,∶,,,,
1405041,,,,,,,,,,,,,,,,‖,‖,∶,∶,,,,
1405071,,,,,,,,,,,,,,,,,,∶,∶,,,,
1405051,,,,,,,,,,,,,,,,,,∶,∶,,,,
1405061,,,,,,,,,,,,,,,,,,∶,∶,,,,
1405062,,,,,,,,,,,,,,,,,,∶,∶,,,,
1405091,,,,,,,,,,,,,,,,,‖,∶,∶,,,,
1405092,,,,,,,,,,,,,,,,,‖,∶,∶,,,,
1405020,,,,,,,,,,,,,,,,,‖,∶,∶,,,,
1106021,＊,＊,＊,＊,＊,＊,＊,＊,＊,＊,＊,＊,＊,＊,＊,＊,,,,,,,
1106022,＊,＊,＊,＊,＊,＊,＊,＊,＊,＊,＊,＊,＊,＊,＊,＊,,,,,,,
1106011,＊,＊,＊,＊,＊,＊,＊,＊,＊,＊,＊,＊,＊,＊,＊,＊,,,,,,,
1106061,＊,＊,＊,＊,＊,＊,＊,＊,＊,＊,＊,＊,＊,＊,＊,＊,,,,,,,
1106062,＊,＊,＊,＊,＊,＊,＊,＊,＊,＊,＊,＊,＊,＊,＊,＊,,,,,,,
1106063,＊,＊,＊,＊,＊,＊,＊,＊,＊,＊,＊,＊,＊,＊,＊,＊,,,,,,,
1106071,＊,＊,＊,＊,＊,＊,＊,＊,＊,＊,＊,＊,＊,＊,＊,＊,,,,,,,
1106072,＊,＊,＊,＊,＊,＊,＊,＊,＊,＊,＊,＊,＊,＊,＊,＊,,,,,,,
1106073,＊,＊,＊,＊,＊,＊,＊,＊,＊,＊,＊,＊,＊,＊,＊,＊,,,,,,,
1106051,＊,＊,＊,＊,＊,＊,＊,＊,＊,＊,＊,＊,＊,＊,＊,＊,,,,,,,
1106052,＊,＊,＊,＊,＊,＊,＊,＊,＊,＊,＊,＊,＊,＊,＊,＊,,,,,,,
1106041,＊,＊,＊,＊,＊,＊,＊,＊,＊,＊,＊,＊,＊,＊,＊,＊,,,,,,,
1106042,＊,＊,＊,＊,＊,＊,＊,＊,＊,＊,＊,＊,＊,＊,＊,＊,,,,,,,
1206021,,,,,,,,,,,,,,∶,∶,‖,‖,‖,‖,,,,
1206022,,,,,,,,,,,,,,∶,∶,‖,‖,‖,‖,,,,
1206011,,,,,,,,,,,,,,,∶,∶,‖,‖,‖,,,,
1206061,,,,,,,,,,,,,,∶,∶,‖,‖,○,○,,,,
1206062,,,,,,,,,,,,,,∶,∶,‖,‖,○,○,,,,
1206063,,,,,,,,,,,,,,∶,∶,‖,‖,○,○,,,,
1206071,,,,,,,,,,,,,,∶,∶,‖,○,○,○,,,,
1206072,,,,,,,,,,,,,,∶,∶,‖,○,○,○,,,,
1206073,,,,,,,,,,,,,,∶,∶,‖,○,○,○,,,,
1206051,‖,,,,,,,,,,,,,,,∶,∶,‖,‖,,,,
1206052,‖,,,,,,,,,,,,,,,∶,∶,‖,‖,,,,
1206041,,,,,,,,,,,,,,∶,∶,‖,○,○,○,,,,
1206042,,,,,,,,,,,,,,∶,∶,‖,○,○,○,,,,
1306021,,,,,,,,,,,,,,∶,∶,○,○,‖,○,,,,
1306022,,,,,,,,,,,,,,∶,∶,○,○,‖,○,,,,
1306011,,,,,,,,,,,,,,,,○,○,∶,∶,,,,
1306061,,,,,,,,,,,,,,,∶,∶,○,○,○,,,,
1306062,,,,,,,,,,,,,,,∶,∶,○,○,○,,,,
1306063,,,,,,,,,,,,,,,∶,∶,○,○,○,,,,
1306071,,,,,,,,,,,,,,,∶,∶,○,○,○,,,,
1306072,,,,,,,,,,,,,,,∶,∶,○,○,○,,,,
1306073,,,,,,,,,,,,,,,∶,∶,○,○,○,,,,
1306074,,,,,,,,,,,,,,,∶,∶,○,○,○,,,,
1306041,,,,,,,,,,,,,,,,,,∶,∶,,,,
1306042,,,,,,,,,,,,,,,,,,∶,∶,,,,
1306051,,,,,,,,,,,,,,,∶,○,○,∶,○,,,,
1306052,,,,,,,,,,,,,,,∶,○,○,∶,○,,,,
1406021,,,,,,,,,,,,,,,,○,○,∶,∶,,,,
1406022,,,,,,,,,,,,,,,,○,○,∶,∶,,,,
1406011,◎,◎,,,,,,,,,,,,,,,,∶,∶,,,,
1406071,◎,◎,◎,,,,,,,,,,,,,,,∶,∶,,,,
1406072,◎,◎,◎,,,,,,,,,,,,,,,∶,∶,,,,
1406073,◎,◎,◎,,,,,,,,,,,,,,,∶,∶,,,,
1406074,◎,◎,◎,,,,,,,,,,,,,,,∶,∶,,,,
1406041,,,,,,,,,,,,,,,,,,∶,∶,,,,
1406042,,,,,,,,,,,,,,,,,,∶,∶,,,,
1406051,◎,◎,,,,,,,,,,,,,,,,∶,∶,,,,
1406052,◎,◎,,,,,,,,,,,,,,,,∶,∶,,,,
1406061,◎,◎,◎,,,,,,,,,,,,,,,∶,∶,,,,
1406062,◎,◎,◎,,,,,,,,,,,,,,,∶,∶,,,,
1406063,◎,◎,◎,,,,,,,,,,,,,,,∶,∶,,,,
1207071,,,,,,,,,,,,,,,,,#,∶,∶,,,,
1207021,,,,,,‖,‖,,,,,,,,,,,∶,∶,,,,
1207022,,,,,,‖,‖,,,,,,,,,,,∶,∶,,,,
1207051,,,,,,,,,,○,○,,,,,,,∶,∶,,,,
1207031,,,,,,,,,,,,,,,,‖,‖,∶,∶,,,,
1207011,,,,,,,,,,,,,,,,∶,∶,○,○,,,,
1307071,,,,,,,,,,,,,,,,○,○,∶,∶,,,,
1307021,,,,,,,,,,,,,,,,‖,‖,∶,∶,,,,
1307022,,,,,,,,,,,,,,,,‖,‖,∶,∶,,,,
1307051,,,,,,,,,,,,,,,,,○,∶,∶,,,,
1307011,,,,,,,,,,,,,,,,,,∶,∶,,,,
1307031,,,,,,,,,,,,,,,,‖,‖,∶,∶,,,,
1307032,,,,,,,,,,,,,,,,‖,‖,∶,∶,,,,
1307012,,,,,,,,,,,,,,,,,,∶,∶,,,,
1407071,,,,,,,,,,,,,,,,○,○,∶,∶,,,,
1407021,,,,,,,,,,,,,,,,○,○,∶,∶,,,,
1407022,,,,,,,,,,,,,,,,○,○,∶,∶,,,,
1407011,,,,,,,,,,,,,,,,,,∶,∶,,,,
1407012,,,,,,,,,,,,,,,,,,∶,∶,,,,
1407051,,,,,,,,,,,,,○,,,,,∶,∶,,,,
1407031,,,,,,,,,,,,,,,,○,○,∶,∶,,,,
1407041,,,,,,,,,,,,,,,,,,∶,∶,,,,
1108021,＊,＊,＊,＊,＊,＊,＊,＊,＊,＊,＊,＊,＊,＊,＊,＊,,,,,,,
1108022,＊,＊,＊,＊,＊,＊,＊,＊,＊,＊,＊,＊,＊,＊,＊,＊,,,,,,,
1108023,＊,＊,＊,＊,＊,＊,＊,＊,＊,＊,＊,＊,＊,＊,＊,＊,,,,,,,
1108011,＊,＊,＊,＊,＊,＊,＊,＊,＊,＊,＊,＊,＊,＊,＊,＊,,,,,,,
1108031,＊,＊,＊,＊,＊,＊,＊,＊,＊,＊,＊,＊,＊,＊,＊,＊,,,,,,,
1108032,＊,＊,＊,＊,＊,＊,＊,＊,＊,＊,＊,＊,＊,＊,＊,＊,,,,,,,
1108013,＊,＊,＊,＊,＊,＊,＊,＊,＊,＊,＊,＊,＊,＊,＊,＊,,,,,,,
1108012,＊,＊,＊,＊,＊,＊,＊,＊,＊,＊,＊,＊,＊,＊,＊,＊,,,,,,,
1208021,,,,,,,,,,,,,,,,∶,∶,○,○,,,,
1208022,,,,,,,,,,,,,,,,∶,∶,○,○,,,,
1208023,,,,,,,,,,,,,,,,∶,∶,○,○,,,,
1208011,,,,,,,,,,,,,,,,‖,‖,∶,∶,,,,
1208031,,,,,,,,,,,,,,∶,∶,○,○,○,○,,,,
1208032,,,,,,,,,,,,,,∶,∶,○,○,○,○,,,,
1208013,,,,,,,,,,,,,,,,‖,‖,∶,∶,,,,
1208012,,,,,,,,,,,,,,,,∶,∶,○,○,,,,
1308021,,,,,,,,,,,,,,,,○,○,∶,∶,,,,
1308022,,,,,,,,,,,,,,,,○,○,∶,∶,,,,
1308011,,,,,,,,,,,,,,,,‖,‖,∶,∶,,,,
1308014,,,,,,,,,,,,,,,,‖,‖,∶,∶,,,,
1308012,,,,,,,,,,,,,,,,‖,‖,∶,∶,,,,
1308013,,,,,,,,,,,,,,,,‖,‖,∶,∶,,,,
1308031,,,,,,,,,,,,,,,,,‖,∶,∶,,,,
1308032,,,,,,,,,,,,,,,,,‖,∶,∶,,,,
1308023,,,,,,,,,,,,,,,,○,○,∶,∶,,,,
1408021,,,,,,,,,,,,,,,,金,,∶,∶,,,,
1408022,,,,,,,,,,,,,,,,金,,∶,∶,,,,
1408023,,,,,,,,,,,,,,,,金,,∶,∶,,,,
1408011,,,,,,,,,,,,,,,,,○,∶,∶,,,,
1408012,,,,,,,,,,,,,,,,,○,∶,∶,,,,
1408031,,,,,,,,,,,,,,,,金,,∶,∶,,,,
1408032,,,,,,,,,,,,,,,,金,,∶,∶,,,,
1408041,,,,,,,,,,,,,,,,,○,∶,∶,,,,
1408042,,,,,,,,,,,,,,,,,○,∶,∶,,,,
1110021,＊,＊,＊,＊,＊,＊,＊,＊,＊,＊,＊,＊,＊,＊,＊,＊,,,,,,,
1110022,＊,＊,＊,＊,＊,＊,＊,＊,＊,＊,＊,＊,＊,＊,＊,＊,,,,,,,
1110011,＊,＊,＊,＊,＊,＊,＊,＊,＊,＊,＊,＊,＊,＊,＊,＊,,,,,,,
1110012,＊,＊,＊,＊,＊,＊,＊,＊,＊,＊,＊,＊,＊,＊,＊,＊,,,,,,,
1110013,＊,＊,＊,＊,＊,＊,＊,＊,＊,＊,＊,＊,＊,＊,＊,＊,,,,,,,
1110014,＊,＊,＊,＊,＊,＊,＊,＊,＊,＊,＊,＊,＊,＊,＊,＊,,,,,,,
1110041,＊,＊,＊,＊,＊,＊,＊,＊,＊,＊,＊,＊,＊,＊,＊,＊,,,,,,,
1110042,＊,＊,＊,＊,＊,＊,＊,＊,＊,＊,＊,＊,＊,＊,＊,＊,,,,,,,
1110043,＊,＊,＊,＊,＊,＊,＊,＊,＊,＊,＊,＊,＊,＊,＊,＊,,,,,,,
1210021,,,,,,,,,,‖,,,,,,,,∶,∶,,,,
1210022,,,,,,,,,,‖,,,,,,,,∶,∶,,,,
1210011,,,,,,,○,○,,○,○,,,,,,,∶,∶,,,,
1210012,,,,,,,○,○,,○,○,,,,,,,∶,∶,,,,
1210013,,,,,,,○,○,,○,○,,,,,,,∶,∶,,,,
1210014,,,,,,,○,○,,○,○,,,,,,,∶,∶,,,,
1210041,,,,,,,,,,‖,,,,,,,,∶,∶,,,,
1210042,,,,,,,,,,‖,,,,,,,,∶,∶,,,,
1210043,,,,,,,,,,‖,,,,,,,,∶,∶,,,,
1310011,,,,,○,,,,,,,○,,,,,,∶,∶,,,,
1310012,,,,,○,,,,,,,○,,,,,,∶,∶,,,,
1310013,,,,,○,,,,,,,○,,,,,,∶,∶,,,,
1310031,,,,,,,,,,○,,,,,,,,∶,∶,,,,
1310032,,,,,,,,,,○,,,,,,,,∶,∶,,,,
1310033,,,,,,,,,,○,,,,,,,,∶,∶,,,,
1310034,,,,,,,,,,○,,,,,,,,∶,∶,,,,
1310021,,,,,,,,,,,,,,,,,,∶,∶,,,,
1310022,,,,,,,,,,,,,,,,,,∶,∶,,,,
1410011,,,,,,,,,,,○,○,,,,,,∶,∶,,,,
1410012,,,,,,,,,,,○,○,,,,,,∶,∶,,,,
1410013,,,,,,,,,,,○,○,,,,,,∶,∶,,,,
1410031,,,,,,,,,,,○,○,,,,,,∶,∶,,,,
1410032,,,,,,,,,,,○,○,,,,,,∶,∶,,,,
1410033,,,,,,,,,,,○,○,,,,,,∶,∶,,,,
1410021,,,,,,,,○,,○,,,,,,,,∶,∶,,,,
1410022,,,,,,,,○,,○,,,,,,,,∶,∶,,,,
1211021,,○,○,○,,,,,,,,,,,,,,∶,∶,,,,
1211022,,○,○,○,,,,,,,,,,,,,,∶,∶,,,,
1211011,,,,,,,,,,,,,,,,‖,‖,∶,∶,,,,
1211012,,,,,,,,,,,,,,,,‖,‖,∶,∶,,,,
1211031,,○,○,○,,,,,,,,,,,,,,∶,∶,,,,
1211032,,○,○,○,,,,,,,,,,,,,,∶,∶,,,,
1311021,,,,,,,,,,,,,,,,,,∶,∶,,,,
1311022,,,,,,,,,,,,,,,,,,∶,∶,,,,
1311011,,,,,,,,,,,,,,,,∶,○,○,∶,,,,
1311012,,,,,,,,,,,,,,,,∶,○,○,∶,,,,
1311031,,,,,,,,,,,,,,,,,,∶,∶,,,,
1311032,,,,,,,,,,,,,,,,,,∶,∶,,,,
1411021,○,,,,,,,,,,,,,,,,,∶,∶,,,,
1411022,○,,,,,,,,,,,,,,,,,∶,∶,,,,
1411011,○,○,,,,,,,,,,,,,,,,∶,∶,,,,
1411012,○,○,,,,,,,,,,,,,,,,∶,∶,,,,
1411031,○,,,,,,,,,,,,,,,,,∶,∶,,,,
1411032,○,,,,,,,,,,,,,,,,,∶,∶,,,,
1112011,＊,＊,＊,＊,＊,＊,＊,＊,＊,＊,＊,＊,＊,＊,＊,＊,,,,,,,
1112012,＊,＊,＊,＊,＊,＊,＊,＊,＊,＊,＊,＊,＊,＊,＊,＊,,,,,,,
1112021,＊,＊,＊,＊,＊,＊,＊,＊,＊,＊,＊,＊,＊,＊,＊,＊,,,,,,,
1212011,,,,,,,,,,,,,,,,∶,∶,○,○,,,,
1212012,,,,,,,,,,,,,,,,∶,∶,○,○,,,,
1212021,,,,,,,,,,,,,,,,∶,∶,○,○,,,,
1312011,,,,,,,○,○,,,,,,,,,,∶,∶,,,,
1312012,,,,,,,○,○,,,,,,,,,,∶,∶,,,,
1312021,,,,,,,,,,,,,,○,○,,,∶,∶,,,,
1312022,,,,,,,,,,,,,,○,○,,,∶,∶,,,,
1412011,,,,,,,,,,,,,,,,∶,∶,○,○,,,,
1412012,,,,,,,,,,,,,,,,∶,∶,○,○,,,,
1412021,,,,,,,○,,,,,,,,,,,∶,∶,,,,
1113041,＊,＊,＊,＊,＊,＊,＊,＊,＊,＊,＊,＊,＊,＊,＊,＊,,,,,,,
1113042,＊,＊,＊,＊,＊,＊,＊,＊,＊,＊,＊,＊,＊,＊,＊,＊,,,,,,,
1113031,＊,＊,＊,＊,＊,＊,＊,＊,＊,＊,＊,＊,＊,＊,＊,＊,,,,,,,
1113032,＊,＊,＊,＊,＊,＊,＊,＊,＊,＊,＊,＊,＊,＊,＊,＊,,,,,,,
1113033,＊,＊,＊,＊,＊,＊,＊,＊,＊,＊,＊,＊,＊,＊,＊,＊,,,,,,,
1113034,＊,＊,＊,＊,＊,＊,＊,＊,＊,＊,＊,＊,＊,＊,＊,＊,,,,,,,
1113021,＊,＊,＊,＊,＊,＊,＊,＊,＊,＊,＊,＊,＊,＊,＊,＊,,,,,,,
1113022,＊,＊,＊,＊,＊,＊,＊,＊,＊,＊,＊,＊,＊,＊,＊,＊,,,,,,,
1113023,＊,＊,＊,＊,＊,＊,＊,＊,＊,＊,＊,＊,＊,＊,＊,＊,,,,,,,
1113011,＊,＊,＊,＊,＊,＊,＊,＊,＊,＊,＊,＊,＊,＊,＊,＊,,,,,,,
1113012,＊,＊,＊,＊,＊,＊,＊,＊,＊,＊,＊,＊,＊,＊,＊,＊,,,,,,,
1113013,＊,＊,＊,＊,＊,＊,＊,＊,＊,＊,＊,＊,＊,＊,＊,＊,,,,,,,
1113014,＊,＊,＊,＊,＊,＊,＊,＊,＊,＊,＊,＊,＊,＊,＊,＊,,,,,,,
1113061,＊,＊,＊,＊,＊,＊,＊,＊,＊,＊,＊,＊,＊,＊,＊,＊,,,,,,,
1113071,＊,＊,＊,＊,＊,＊,＊,＊,＊,＊,＊,＊,＊,＊,＊,＊,,,,,,,
1213041,,,,,,,,○,,,○,,,,,‖,‖,,∶,,,,
1213042,,,,,,,,○,,,○,,,,,‖,‖,,∶,,,,
1213031,,,,,,,,○,,,○,,,,,,‖,‖,∶,,,,
1213032,,,,,,,,○,,,○,,,,,,‖,‖,∶,,,,
1213021,,,,,,,○,,,,,,,○,,,,,∶,,,,
1213022,,,,,,,○,,,,,,,○,,,,,∶,,,,
1213011,,,,,,,,,,○,,,○,,,,,,∶,,,,
1213012,,,,,,,,,,○,,,○,,,,,,∶,,,,
1213061,,,,,,,,,,,,,,,,○,○,,∶,,,,
1213062,,,,,,,,,,,,,,,,○,○,,∶,,,,
1213071,,,,,,,,,,,,,,,,○,○,,∶,,,,
1313051,,,,,,,○,,,,,,,,,,,∶,∶,,,,
1313011,,,,,,,,,,,,○,,,,,,∶,∶,,,,
1313012,,,,,,,,,,,,○,,,,,,∶,∶,,,,
1313013,,,,,,,,,,,,○,,,,,,∶,∶,,,,
1313031,,,,,,,,,,,,,,,,○,,∶,∶,,,,
1313032,,,,,,,,,,,,,,,,○,,∶,∶,,,,
1313033,,,,,,,,,,,,,,,,○,,∶,∶,,,,
1313021,,,,,,,,,,,,○,,,,,,∶,∶,,,,
1313022,,,,,,,,,,,,○,,,,,,∶,∶,,,,
1313041,,,,,,,,,,,,,,,,○,,∶,∶,,,,
1313042,,,,,,,,,,,,,,,,○,,∶,∶,,,,
1313061,,,,,,,,,,,,,,,,‖,‖,∶,∶,,,,
1313062,,,,,,,,,,,,,,,,‖,‖,∶,∶,,,,
1413051,,,,,,,○,○,,,,,,,,,,∶,∶,,,,
1413052,,,,,,,○,○,,,,,,,,,,∶,∶,,,,
1413011,,,○,○,,,,,,,,,○,,,,,∶,∶,,,,
1413014,,,○,○,,,,,,,,,○,,,,,∶,∶,,,,
1413012,,,○,○,,,,,,,,,○,,,,,∶,∶,,,,
1413013,,,○,○,,,,,,,,,○,,,,,∶,∶,,,,
1413015,,,○,○,,,,,,,,,○,,,,,∶,∶,,,,
1413031,,,,,,,○,○,,,,,,,,,,∶,∶,,,,
1413032,,,,,,,○,○,,,,,,,,,,∶,∶,,,,
1413033,,,,,,,○,○,,,,,,,,,,∶,∶,,,,
1413041,,,,,,○,○,,,,,,,,,,,∶,∶,,,,
1413042,,,,,,○,○,,,,,,,,,,,∶,∶,,,,
1413043,,,,,,○,○,,,,,,,,,,,∶,∶,,,,
1114031,＊,＊,＊,＊,＊,＊,＊,＊,＊,＊,＊,＊,＊,＊,＊,＊,,,,,,,
1114011,＊,＊,＊,＊,＊,＊,＊,＊,＊,＊,＊,＊,＊,＊,＊,＊,,,,,,,
1114012,＊,＊,＊,＊,＊,＊,＊,＊,＊,＊,＊,＊,＊,＊,＊,＊,,,,,,,
1114013,＊,＊,＊,＊,＊,＊,＊,＊,＊,＊,＊,＊,＊,＊,＊,＊,,,,,,,
1114041,＊,＊,＊,＊,＊,＊,＊,＊,＊,＊,＊,＊,＊,＊,＊,＊,,,,,,,
1114042,＊,＊,＊,＊,＊,＊,＊,＊,＊,＊,＊,＊,＊,＊,＊,＊,,,,,,,
1214031,,,,,,,,,,#,○,,,,,,,‖,‖,,,,
1214011,,,,,,,,,,,,,,,‖,,,○,○,,,,
1214012,,,,,,,,,,,,,,,‖,,,○,○,,,,
1214041,,,,,,,,,,#,○,,,,,,,,,,,,
1214042,,,,,,,,,,#,○,,,,,,,,,,,,
1214010,,,,,,,,,,,,,,,‖,,,○,○,,,,
1314031,,,,,,,,,,,,,,,,,,∶,∶,,,,
1314011,,,,,,,,,,,,,,,,○,○,∶,∶,,,,
1314012,,,,,,,,,,,,,,,,○,○,∶,∶,,,,
1314013,,,,,,,,,,,,,,,,○ 金,○,∶,∶,,,,
1314010,,,,,,,,,,,,,,○,,∶,∶,○,○,,,,
1314041,,,,,,,,,,,,,,,,,‖,∶,∶,,,,
1314042,,,,,,,,,,,,,,,,,‖,∶,∶,,,,
1414031,,,,,,,,,,,,,,,金,金,,∶,∶,,,,
1414011,,,,,,,,,,,,,,,,,,∶,∶,,,,
1414012,,,,,,,,,,,,,,,,,,∶,∶,,,,
1414010,,,,,,,,,,,,,,,○,○,○,∶,∶,,,,
1414041,,,,,,,,,,,,,,,金,金,,∶,∶,,,,
1414042,,,,,,,,,,,,,,,金,金,,∶,∶,,,,
1101091,＊,＊,＊,＊,＊,＊,＊,＊,＊,＊,＊,＊,＊,＊,＊,＊,,,,,,,
1115011,＊,＊,＊,＊,＊,＊,＊,＊,＊,＊,＊,＊,＊,＊,＊,＊,,,,,,,
1115012,＊,＊,＊,＊,＊,＊,＊,＊,＊,＊,＊,＊,＊,＊,＊,＊,,,,,,,
1115013,＊,＊,＊,＊,＊,＊,＊,＊,＊,＊,＊,＊,＊,＊,＊,＊,,,,,,,
1115021,＊,＊,＊,＊,＊,＊,＊,＊,＊,＊,＊,＊,＊,＊,＊,＊,,,,,,,
1115022,＊,＊,＊,＊,＊,＊,＊,＊,＊,＊,＊,＊,＊,＊,＊,＊,,,,,,,
1115031,＊,＊,＊,＊,＊,＊,＊,＊,＊,＊,＊,＊,＊,＊,＊,＊,,,,,,,
1115032,＊,＊,＊,＊,＊,＊,＊,＊,＊,＊,＊,＊,＊,＊,＊,＊,,,,,,,
1115023,＊,＊,＊,＊,＊,＊,＊,＊,＊,＊,＊,＊,＊,＊,＊,＊,,,,,,,
1201091,,,,,,,,,,,,,,○,○,○,,∶,∶,,,,
1215012,○,,,,,,,,,,,,,,,∶,∶,‖,‖,,,,
1215011,○,,,,,,,,,,,,,,,∶,∶,‖,‖,,,,
1215021,,,,,,,,,,,,,,,,∶,∶,‖,‖,,,,
1215031,,,,,,,,,,,,,,,∶,∶,‖,‖,‖,,,,
1215032,,,,,,,,,,,,,,,∶,∶,‖,‖,‖,,,,
1215033,,,,,,,,,,,,,,,∶,∶,‖,‖,‖,,,,
1215022,,,,,,,,,,,,,,,,∶,∶,‖,‖,,,,
1215010,,,,,,,,,,,,,,,,,,∶,∶,,,,
1301091,,,,,,,,,,,,,,,,,,∶,∶,,,,
1315011,,,,,,,,,,,,,,,,,,∶,∶,,,,
1315012,,,,,,,,,,,,,,,,,,∶,∶,,,,
1315031,,,,,,,,,,,,,,,,,,∶,∶,,,,
1315032,,,,,,,,,,,,,,,,,,∶,∶,,,,
1315010,,金,金,金,,,,#,,,,,,,,,,∶,∶,,,,
1315021,,,,,,,,,,,,,,,,,,∶,∶,,,,
1315022,,,,,,,,,,,,,,,,,,∶,∶,,,,
1415041,,,,,,,,,,,,,,,,,,∶,∶,,,,
1415031,,,,,,,,,,,,,,,,,,∶,∶,,,,
1415032,,,,,,,,,,,,,,,,,,∶,∶,,,,
1415021,,,,,,,,,,,,,,,,,,∶,∶,,,,
1415022,,,,,,,,,,,,,,,,,,∶,∶,,,,
1415010,,,,,,,,,,,,,,,,,,∶,∶,,,,
1415011,,,,,,,,,,,,,,,,,,∶,∶,,,,
1415012,,,,,,,,,,,,,,,,,,∶,∶,,,,
1116051,＊,＊,＊,＊,＊,＊,＊,＊,＊,＊,＊,＊,＊,＊,＊,＊,,,,,,,
1116052,＊,＊,＊,＊,＊,＊,＊,＊,＊,＊,＊,＊,＊,＊,＊,＊,,,,,,,
1116011,＊,＊,＊,＊,＊,＊,＊,＊,＊,＊,＊,＊,＊,＊,＊,＊,,,,,,,
1116021,＊,＊,＊,＊,＊,＊,＊,＊,＊,＊,＊,＊,＊,＊,＊,＊,,,,,,,
1116031,＊,＊,＊,＊,＊,＊,＊,＊,＊,＊,＊,＊,＊,＊,＊,＊,,,,,,,
1116041,＊,＊,＊,＊,＊,＊,＊,＊,＊,＊,＊,＊,＊,＊,＊,＊,,,,,,,
1116042,＊,＊,＊,＊,＊,＊,＊,＊,＊,＊,＊,＊,＊,＊,＊,＊,,,,,,,
1216051,,,,,,,,,,,,,,○,∶,∶,‖,‖,‖,,,,
1216052,,,,,,,,,,,,,,○,∶,∶,‖,‖,‖,,,,
1216011,,,,,,,,,,,,,,,,,,∶,∶,,,,
1216021,,,,,,,,,,,,,,∶,∶,‖,‖,‖,‖,,,,
1216041,,,,,,,,,,,,,,,,∶,∶,‖,‖,,,,
1216042,,,,,,,,,,,,,,,,∶,∶,‖,‖,,,,
1216053,,,,,,,,,,,,,,,,,,∶,∶,,,,
1316051,,,,,,,,,,,,,,○,○,,,∶,∶,,,,
1316052,,,,,,,,,,,,,,○,○,,,∶,∶,,,,
1316053,,,,,,,,,,,,,,○,○,,,∶,∶,,,,
1316011,,,,,,,,,,,,,,,,,○,∶,∶,,,,
1316021,,,,,,,,,,,,,,,,,,∶,∶,,,,
1316041,,,,,,,,,,,,,,,,○,○,∶,∶,,,,
1316042,,,,,,,,,,,,,,,,○,○,∶,∶,,,,
1316054,,,,,,,,,,,,,,,,‖,‖,∶,∶,,,,
1416011,,,,,,,金,金,金,,,,,,,,,∶,∶,,,,
1416012,,,,,,,金,金,金,,,,,,,,,∶,∶,,,,
1416052,,,,,,,金,金,金,,,,,,,,,∶,∶,,,,
1416051,,,,,,,金,金,金,,,,,,,,,∶,∶,,,,
1416053,,,,,,,金,金,金,,,,,,,,,∶,∶,,,,
1416041,◎,◎,◎,,,,,,,,,,,,,,,∶,∶,,,,
1416042,◎,◎,◎,,,,,,,,,,,,,,,∶,∶,,,,
1320011,,,,,○,,,,,,,,○,○,,,,∶,∶,,,,
1320021,,,,,,,,,,,,,,,金,‖,‖,∶,∶,,,,
1420011,,,,,,,,,,,,,,,,,,∶,∶,,,,
1420021,,,,,,,,,,,,,,,,,,∶,∶,,,,
n1110021,＊,＊,＊,＊,＊,＊,＊,＊,＊,＊,＊,＊,＊,＊,＊,＊,,,,,,,
n1110022,＊,＊,＊,＊,＊,＊,＊,＊,＊,＊,＊,＊,＊,＊,＊,＊,,,,,,,
n1115014,＊,＊,＊,＊,＊,＊,＊,＊,＊,＊,＊,＊,＊,＊,＊,＊,,,,,,,
n1115013,＊,＊,＊,＊,＊,＊,＊,＊,＊,＊,＊,＊,＊,＊,＊,＊,,,,,,,
n1115011,＊,＊,＊,＊,＊,＊,＊,＊,＊,＊,＊,＊,＊,＊,＊,＊,,,,,,,
n1115012,＊,＊,＊,＊,＊,＊,＊,＊,＊,＊,＊,＊,＊,＊,＊,＊,,,,,,,
n1103041,＊,＊,＊,＊,＊,＊,＊,＊,＊,＊,＊,＊,＊,＊,＊,＊,,,,,,,
n1103042,＊,＊,＊,＊,＊,＊,＊,＊,＊,＊,＊,＊,＊,＊,＊,＊,,,,,,,
n1103043,＊,＊,＊,＊,＊,＊,＊,＊,＊,＊,＊,＊,＊,＊,＊,＊,,,,,,,
n1113031,＊,＊,＊,＊,＊,＊,＊,＊,＊,＊,＊,＊,＊,＊,＊,＊,,,,,,,
n1113032,＊,＊,＊,＊,＊,＊,＊,＊,＊,＊,＊,＊,＊,＊,＊,＊,,,,,,,
n1113033,＊,＊,＊,＊,＊,＊,＊,＊,＊,＊,＊,＊,＊,＊,＊,＊,,,,,,,
n1106021,＊,＊,＊,＊,＊,＊,＊,＊,＊,＊,＊,＊,＊,＊,＊,＊,,,,,,,
n1106022,＊,＊,＊,＊,＊,＊,＊,＊,＊,＊,＊,＊,＊,＊,＊,＊,,,,,,,
n1108021,＊,＊,＊,＊,＊,＊,＊,＊,＊,＊,＊,＊,＊,＊,＊,＊,,,,,,,
n1108022,＊,＊,＊,＊,＊,＊,＊,＊,＊,＊,＊,＊,＊,＊,＊,＊,,,,,,,
n1108011,＊,＊,＊,＊,＊,＊,＊,＊,＊,＊,＊,＊,＊,＊,＊,＊,,,,,,,
n1112011,＊,＊,＊,＊,＊,＊,＊,＊,＊,＊,＊,＊,＊,＊,＊,＊,,,,,,,
n1112012,＊,＊,＊,＊,＊,＊,＊,＊,＊,＊,＊,＊,＊,＊,＊,＊,,,,,,,
n1112013,＊,＊,＊,＊,＊,＊,＊,＊,＊,＊,＊,＊,＊,＊,＊,＊,,,,,,,
n1112021,＊,＊,＊,＊,＊,＊,＊,＊,＊,＊,＊,＊,＊,＊,＊,＊,,,,,,,
n1112022,＊,＊,＊,＊,＊,＊,＊,＊,＊,＊,＊,＊,＊,＊,＊,＊,,,,,,,
n1110011,＊,＊,＊,＊,＊,＊,＊,＊,＊,＊,＊,＊,＊,＊,＊,＊,,,,,,,
n1110012,＊,＊,＊,＊,＊,＊,＊,＊,＊,＊,＊,＊,＊,＊,＊,＊,,,,,,,
n1110013,＊,＊,＊,＊,＊,＊,＊,＊,＊,＊,＊,＊,＊,＊,＊,＊,,,,,,,
n1110014,＊,＊,＊,＊,＊,＊,＊,＊,＊,＊,＊,＊,＊,＊,＊,＊,,,,,,,
n1113021,＊,＊,＊,＊,＊,＊,＊,＊,＊,＊,＊,＊,＊,＊,＊,＊,,,,,,,
n1113022,＊,＊,＊,＊,＊,＊,＊,＊,＊,＊,＊,＊,＊,＊,＊,＊,,,,,,,
n1113011,＊,＊,＊,＊,＊,＊,＊,＊,＊,＊,＊,＊,＊,＊,＊,＊,,,,,,,
n1113012,＊,＊,＊,＊,＊,＊,＊,＊,＊,＊,＊,＊,＊,＊,＊,＊,,,,,,,
n1113013,＊,＊,＊,＊,＊,＊,＊,＊,＊,＊,＊,＊,＊,＊,＊,＊,,,,,,,
n1103011,＊,＊,＊,＊,＊,＊,＊,＊,＊,＊,＊,＊,＊,＊,＊,＊,,,,,,,
n1103012,＊,＊,＊,＊,＊,＊,＊,＊,＊,＊,＊,＊,＊,＊,＊,＊,,,,,,,
n1103013,＊,＊,＊,＊,＊,＊,＊,＊,＊,＊,＊,＊,＊,＊,＊,＊,,,,,,,
n1103014,＊,＊,＊,＊,＊,＊,＊,＊,＊,＊,＊,＊,＊,＊,＊,＊,,,,,,,
n1108015,＊,＊,＊,＊,＊,＊,＊,＊,＊,＊,＊,＊,＊,＊,＊,＊,,,,,,,
n1108014,＊,＊,＊,＊,＊,＊,＊,＊,＊,＊,＊,＊,＊,＊,＊,＊,,,,,,,
n1110041,＊,＊,＊,＊,＊,＊,＊,＊,＊,＊,＊,＊,＊,＊,＊,＊,,,,,,,
n1110042,＊,＊,＊,＊,＊,＊,＊,＊,＊,＊,＊,＊,＊,＊,＊,＊,,,,,,,
n1110043,＊,＊,＊,＊,＊,＊,＊,＊,＊,＊,＊,＊,＊,＊,＊,＊,,,,,,,
n1106071,＊,＊,＊,＊,＊,＊,＊,＊,＊,＊,＊,＊,＊,＊,＊,＊,,,,,,,
n1106072,＊,＊,＊,＊,＊,＊,＊,＊,＊,＊,＊,＊,＊,＊,＊,＊,,,,,,,
n1106073,＊,＊,＊,＊,＊,＊,＊,＊,＊,＊,＊,＊,＊,＊,＊,＊,,,,,,,
n1108012,＊,＊,＊,＊,＊,＊,＊,＊,＊,＊,＊,＊,＊,＊,＊,＊,,,,,,,
n1108013,＊,＊,＊,＊,＊,＊,＊,＊,＊,＊,＊,＊,＊,＊,＊,＊,,,,,,,
n1303016(专转本),＊,＊,＊,＊,＊,＊,＊,＊,＊,＊,＊,＊,＊,＊,＊,＊,,,,,,,
n1303017(专转本),＊,＊,＊,＊,＊,＊,＊,＊,＊,＊,＊,＊,＊,＊,＊,＊,,,,,,,
n1201011,,,,,,○,,,,○,,○,,,,,○,∶,∶,,,,
n1201012,,,,,,○,,,,○,,○,,,,,○,∶,∶,,,,
n1210021,,,,,,,,,,‖,,,,,,,,∶,∶,,,,
n1210022,,,,,,,,,,‖,,,,,,,,∶,∶,,,,
n1202031,,,,,,,,,,,,,,,∶,∶,‖,‖,‖,,,,
n1202032,,,,,,,,,,,,,,,∶,∶,‖,‖,‖,,,,
n1202051,,,,,,,,,,,,,,∶,∶,‖,‖,‖,‖,,,,
n1202052,,,,,,,,,,,,,,,,‖,‖,‖,‖ ∶,,,,
n1215013,,,,,,,,,,,,,,,,∶,∶,‖,‖,,,,
n1215012,○,,,,,,,,,,,,,,,∶,∶,‖,‖,,,,
n1215011,○,,,,,,,,,,,,,,,∶,∶,‖,‖,,,,
n1216011,,,,,,,,,,,,,,,,,,∶,∶,,,,
n1216012,,,,,,,,,,,,,,,,,,∶,∶,,,,
n1203041,,,,,,,,,,,,,,∶,∶,○,○,‖,‖,,,,
n1203042,,,,,,,,,,,,,,∶,∶,○,○,‖,‖,,,,
n1203043,,,,,,,,,,,,,,∶,∶,○,○,‖,‖,,,,
n1214011,,,,,,,,,,,,,,,‖,,,○,○,,,,
n1214012,,,,,,,,,,,,,,,‖,,,○,○,,,,
n1214013,,,,,,,,,,,,,,,‖,,,○,○,,,,
n1214014,,,,,,,,,,,,,,,‖,,,○,○,,,,
n1204021,,,,,,,,,,,,,,∶,∶,‖,○,○,○,○,,,
n1204022,,,,,,,,,,,,,,∶,∶,‖,○,○,○,○,,,
n1204023,,,,,,,,,,,,,,∶,∶,‖,○,○,○,○,,,
n1204031,,,,,,,,,,,,,,,,∶,∶,○,○,技,○,○,○
n1204032,,,,,,,,,,,,,,,,∶,∶,○,○,技,○,○,○
n1204033,,,,,,,,,,,,,,,,∶,∶,○,○,技,○,○,○
n1213031,,,,,,,,○,,,○,,,,,,‖,‖,∶,,,,
n1213032,,,,,,,,○,,,○,,,,,,‖,‖,∶,,,,
n1213033,,,,,,,,○,,,○,,,,,,‖,‖,∶,,,,
n1206021,,,,,,,,,,,,,,∶,∶,‖,‖,‖,‖,,,,
n1206022,,,,,,,,,,,,,,∶,∶,‖,‖,‖,‖,,,,
n1205031,,,,,,,,,,,,‖,‖,‖,‖,‖,‖,∶,∶,,,,
n1205032,,,,,,,,,,,,‖,‖,‖,‖,‖,‖,∶,∶,,,,
n1205021,,,,,,,,,,,,‖,‖,‖,‖,‖,‖,∶,∶,,,,
n1205022,,,,,,,,,,,,‖,‖,‖,‖,‖,‖,∶,∶,,,,
n1205023,,,,,,,,,,,,‖,‖,‖,‖,‖,‖,∶,∶,,,,
n1205024,,,,,,,,,,,,‖,‖,‖,‖,‖,‖,∶,∶,,,,
n1205025,,,,,,,,,,,,‖,‖,‖,‖,‖,‖,∶,∶,,,,
n1205026,,,,,,,,,,,,‖,‖,‖,‖,‖,‖,∶,∶,,,,
n1205027,,,,,,,,,,,,‖,‖,‖,‖,‖,‖,∶,∶,,,,
n1207021,,,,,,‖,‖,,,,,,,,,,,∶,∶,,,,
n1207022,,,,,,‖,‖,,,,,,,,,,,∶,∶,,,,
n1207011,,,,,,,,,,,,,,,,∶,∶,○,○,,,,
n1207012,,,,,,,,,,,,,,,,∶,∶,○,○,,,,
n1208021,,,,,,,,,,,,,,,,○,○,∶,∶,,,,
n1208022,,,,,,,,,,,,,,,,○,○,∶,∶,,,,
n1211021,,○,○,○,,,,,,,,,,,,,,∶,∶,,,,
n1211022,,○,○,○,,,,,,,,,,,,,,∶,∶,,,,
n1211023,,○,○,○,,,,,,,,,,,,,,∶,∶,,,,
n1212011,,,,,,,,,,,,,,,,∶,∶,○,○,,,,
n1212012,,,,,,,,,,,,,,,,∶,∶,○,○,,,,
n1212021,,,,,,,,,,,,,,,,∶,∶,○,○,,,,
n1212022,,,,,,,,,,,,,,,,∶,∶,○,○,,,,
n1210011,,,,,,,○,○,,○,○,,,,,,,∶,∶,,,,
n1210012,,,,,,,○,○,,○,○,,,,,,,∶,∶,,,,
n1210013,,,,,,,○,○,,○,○,,,,,,,∶,∶,,,,
n1210014,,,,,,,○,○,,○,○,,,,,,,∶,∶,,,,
n1213021,,,,,,,○,○,,,,,,○,○,,,,∶,,,,
n1213022,,,,,,,○,○,,,,,,○,○,,,,∶,,,,
n1213011,,,,,,,,,,,○,○,○,○,,,,,∶,,,,
n1213012,,,,,,,,,,,○,○,○,○,,,,,∶,,,,
n1213013,,,,,,,,,,,○,○,○,○,,,,,∶,,,,
n1202041,,,,,,,,,,,,,,,∶,∶,‖,‖,‖,,,,
n1202042,,,,,,,,,,,,,,,∶,∶,‖,‖,‖,,,,
n1203011,,,,,,,,,,,,,,,∶,∶,‖,‖,‖,,,,
n1203012,,,,,,,,,,,,,,,∶,∶,‖,‖,‖,,,,
n1204071,,,,,,,,,,,,,,,,∶,∶,‖,○,技,技,,
n1204072,,,,,,,,,,,,,,,,∶,∶,‖,○,技,技,,
n1211031,,○,○,○,,,,,,,,,,,,,,∶,∶,,,,
n1211032,,○,○,○,,,,,,,,,,,,,,∶,∶,,,,
n1211033,,○,○,○,,,,,,,,,,,,,,∶,∶,,,,
n1216051,,,,,,,,,,,,,,,∶,∶,‖,‖,‖,,,,
n1216052,,,,,,,,,,,,,,,∶,∶,‖,‖,‖,,,,
n1208014,,,,,,,,,,,,,,,,‖,‖,∶,∶,,,,
n1208015,,,,,,,,,,,,,,,,‖,‖,∶,∶,,,,
n1210041,,,,,,,,,,‖,,,,,,,,∶,∶,,,,
n1210042,,,,,,,,,,‖,,,,,,,,∶,∶,,,,
n1210043,,,,,,,,,,‖,,,,,,,,∶,∶,,,,
n1206071,,,,,,,,,,,,,,∶,∶,‖,○,○,○,,,,
n1206072,,,,,,,,,,,,,,∶,∶,‖,○,○,○,,,,
n1206073,,,,,,,,,,,,,,∶,∶,‖,○,○,○,,,,
n1207051,,,,,,,,,,○,○,,,,,,,∶,∶,,,,
n1207052,,,,,,,,,,○,○,,,,,,,∶,∶,,,,
n1204011,,,,,,,,,,,,∶,∶,‖,‖,‖,○,○,○,,,,
n1204012,,,,,,,,,,,,∶,∶,‖,‖,‖,○,○,○,,,,
n1204013,,,,,,,,,,,,∶,∶,‖,‖,‖,○,○,○,,,,
n1201031,,,,,,,,,○,○,,,,,○,○,,∶,∶,,,,
n1201032,,,,,,,,,○,○,,,,,○,○,,∶,∶,,,,
n1201091,,,,,,,,,,,,,,○,○,,,∶,∶,,,,
n1201092,,,,,,,,,,,,,,○,○,,,∶,∶,,,,
n1208012,,,,,,,,,,,,,,,,∶,∶,○,○,,,,
n1208013,,,,,,,,,,,,,,,,∶,∶,○,○,,,,
n1208011,,,,,,,,,,,,,,,,∶,∶,○,○,,,,
n1403016(专转本),,,,,,,,,,,,,,∶,∶,‖,‖,‖,‖,,,,
n1403017(专转本),,,,,,,,,,,,,,∶,∶,‖,‖,‖,‖,,,,
n1406066(专转本),,,,,,,,,,,,,,∶,∶,‖,‖,○,○,,,,
n1406067(专转本),,,,,,,,,,,,,,∶,∶,‖,‖,○,○,,,,
n1203021,,,,,,,,,,,,,∶,∶,‖,‖,‖,‖,‖,,,,
n1203022,,,,,,,,,,,,,∶,∶,‖,‖,‖,‖,‖,,,,
n1314011,,,,,,,,,,,,,,,,○,○,,,,,,
n1314012,,,,,,,,,,,,,,,,○,○,,,,,,
n1314013,,,,,,,,,,,,,,,,○,○,,,,,,
n1314014,,,,,,,,,,,,,,,,○,○,,,,,,
n1304014,,,,,,,,,,金,金,,,,,,,,,,,,
n1304015,,,,,,,,,,金,金,,,,,,,,,,,,
n1304016,,,,,,,,,,金,金,,,,,,,,,,,,
n1306021,,,,,,,,,,,,,,,,,,○,○,,,,
n1306022,,,,,,,,,,,,,,,,,,○,○,,,,
n1305021,,,,,,,,,,,,,,,,‖,‖,,,,,,
n1305022,,,,,,,,,,,,,,,,‖,‖,,,,,,
n1305023,,,,,,,,,,,,,,,,‖,‖,,,,,,
n1305024,,,,,,,,,,,,,,,,‖,‖,,,,,,
n1305025,,,,,,,,,,,,,,,,‖,‖,,,,,,
n1307021,,,,,,,,,,,,,,,,‖,‖,,,,,,
n1307022,,,,,,,,,,,,,,,,‖,‖,,,,,,
n1306071,,,,,,,,,,,,,,,,,,○,○,,,,
n1306072,,,,,,,,,,,,,,,,,,○,○,,,,
n1306073,,,,,,,,,,,,,,,,,,○,○,,,,
n1306074,,,,,,,,,,,,,,,,,,○,○,,,,
n1304011,,,,,,,,,,,,,,金,,,,,,,,,
n1304012,,,,,,,,,,,,,,金,,,,,,,,,
n1304013,,,,,,,,,,,,,,金,,,,,,,,,
n1301031,,,,,,,,,,○,,,,,,,,,,,,,
n1301032,,,,,,,,,,○,,,,,,,,,,,,,
n1304031,,,,,,,,,,,,,,金,,,,,,,,,
n1304032,,,,,,,,,,,,,,金,,,,,,,,,
n1313031,,,,,,,,,,,,,,,,,‖,,,,,,
n1313032,,,,,,,,,,,,,,,,,‖,,,,,,
n1313033,,,,,,,,,,,,,,,,,‖,,,,,,
n1416011,金,金,,,,,,,,,,,,,,,,,,,,,
n1416012,金,金,,,,,,,,,,,,,,,,,,,,,
n1403041,,,金,,,,,,,,,,,,,,,,,,,,
n1403042,,,金,,,,,,,,,,,,,,,,,,,,
n1406021,◎,◎,,,,,,,,,,,,,,,,,,,,,
n1406022,◎,◎,,,,,,,,,,,,,,,,,,,,,
n1403011,金,金,金,金,,,,,,,,,,,,,,,,,,,
n1403012,金,金,金,金,,,,,,,,,,,,,,,,,,,
n1403013,金,金,金,金,,,,,,,,,,,,,,,,,,,
n1416051,金,金,金,金,,,,,,,,,,,,,,,,,,,
n1416052,金,金,金,金,,,,,,,,,,,,,,,,,,,
n1406071,◎,◎,◎,,,,,,,,,,,,,,,,,,,,
n1406072,◎,◎,◎,,,,,,,,,,,,,,,,,,,,
n1406073,◎,◎,◎,,,,,,,,,,,,,,,,,,,,
n1403021,,,,,,,,,,,,,,,,,,,,○,○,○,○
n1403022,,,,,,,,,,,,,,,,,,,,○,○,○,○
n1406051,◎,◎,,,,,,,,,,,,,,,,,,,,,
n1406052,◎,◎,,,,,,,,,,,,,,,,,,,,,
n1416041,◎,◎,,,,,,,,,,,,,,,,,,,,,
n1416042,◎,◎,,,,,,,,,,,,,,,,,,,,,
n1416043,◎,◎,,,,,,,,,,,,,,,,,,,,,
1101061,＊,＊,＊,＊,＊,＊,＊,＊,＊,＊,＊,＊,＊,＊,＊,＊,,,,,,,
1101041,＊,＊,＊,＊,＊,＊,＊,＊,＊,＊,＊,＊,＊,＊,＊,＊,,,,,,,
1101051,＊,＊,＊,＊,＊,＊,＊,＊,＊,＊,＊,＊,＊,＊,＊,＊,,,,,,,
1101052,＊,＊,＊,＊,＊,＊,＊,＊,＊,＊,＊,＊,＊,＊,＊,＊,,,,,,,
1102051,＊,＊,＊,＊,＊,＊,＊,＊,＊,＊,＊,＊,＊,＊,＊,＊,,,,,,,
1102052,＊,＊,＊,＊,＊,＊,＊,＊,＊,＊,＊,＊,＊,＊,＊,＊,,,,,,,
1201061,,,,,,,,,,,,○,○,,,,,∶,∶,,,,
1201041,,,,,,,,,,○,,,○,,,,,∶,∶,○,,,
1201051,,,,,,,,,,,,,,,,,,∶,∶,,,,
1202051,,,,,,,,,,,,,,∶,∶,‖,‖,‖,‖,,,,
1202052,,,,,,,,,,,,,,∶,∶,‖,‖,‖,‖,,,,
1204081,,,,,,,,,,,,,,,∶,∶,‖,‖,‖,,,,
1301061,,,,,,,,,,,,○,○,,,,○,∶,∶,,,,
1301041,,,,,,,,,,,,,,,,,,∶,∶,,,,
1301051,,,,,,,,,,,,○,○,,,,,∶,∶,,,,
1302051,,,,,,,,,,,,,,,,,∶,∶,○,,,,
1302052,,,,,,,,,,,,,,,,,∶,∶,○,,,,
1304081,,,,,金,,,,,,,,,,,,,∶,∶,,,,
1417031,,,,,,,,,,,,,,,○,○,○,∶,∶,,,,
1417011,,,,,,,,,,,,,,,,○,,∶,∶,,,,
1417021,,,,,,,,,,,,○,○,,○,○,○,∶,∶,,,,
1417041,,,,,,,,,,,,,,,,,,∶,∶,,,,
1417042,,,,,,,,,,,,,,,,,,∶,∶,,,,
1417043,,,,,,,,,,,,,,,,,,∶,∶,,,,
      备注：,,,,,,,,,,,,,,,,,,,,,,,
      #,其他环节,,,,＊,,毕业设计,,,,‖,,课程设计,,,,∶,,考试,,,,
      ○,实习,,,,◎,,强化训练,,,,技,,技能训练,,,,金,,金工实习,,,,
